{
  "eye": {
    "orientation": [
      0.005053094122558832,
      0.02757549285888672,
      4.864761285716668E-5,
      0.9996069669723511
    ],
    "magnitude": 0.5773502588272095,
    "position": [
      664.1854248046875,
      -82.45642852783203,
      14726.09765625
    ]
  },
  "radius": 5500,
  "type": "PERSPECTIVE"
}