{
  "eye": {
    "orientation": [
      -0.1099848747253418,
      0.03488219901919365,
      0.3118577003479004,
      0.9430966973304749
    ],
    "magnitude": 0.3552106022834778,
    "position": [
      635.6184692382812,
      718.0765380859375,
      1820.6280517578125
    ]
  },
  "radius": 793.2212524414062,
  "type": "PERSPECTIVE"
}